<?xml version="1.0" encoding="UTF-8"?>
<metadata xml:lang="es"><Esri><CreaDate>20220811</CreaDate><CreaTime>10560900</CreaTime><ArcGISFormat>1.0</ArcGISFormat><SyncOnce>TRUE</SyncOnce><DataProperties><lineage><Process ToolSource="c:\program files (x86)\arcgis\desktop10.8\ArcToolbox\Toolboxes\Data Management Tools.tbx\CalculateField" Date="20220224" Time="155047">CalculateField f direccion [AZIMUT] VB #</Process><Process ToolSource="c:\program files (x86)\arcgis\desktop10.8\ArcToolbox\Toolboxes\Data Management Tools.tbx\CalculateField" Date="20220224" Time="155158">CalculateField f AZIMUT [direccion] VB #</Process><Process ToolSource="c:\program files (x86)\arcgis\desktop10.8\ArcToolbox\Toolboxes\Data Management Tools.tbx\CalculateField" Date="20220224" Time="155244">CalculateField f CAL_POS "Aproximada" VB #</Process><Process ToolSource="c:\program files (x86)\arcgis\desktop10.8\ArcToolbox\Toolboxes\Data Management Tools.tbx\Project" Date="20220801" Time="085118">Project D:\2015\Tematica\SHAPES\f1206_sii.shp D:\2015\shp_Allende_CCL\f1206_ii_CCL.shp PROJCS['North_America_Lambert_Conformal_Conic_itrf1992',GEOGCS['GCS_ITRF_1992',DATUM['D_ITRF_1992',SPHEROID['GRS_1980',6378137.0,298.257222101]],PRIMEM['Greenwich',0.0],UNIT['Degree',0.0174532925199433],METADATA['World',-180.0,-90.0,180.0,90.0,0.0,0.0174532925199433,0.0,1262]],PROJECTION['Lambert_Conformal_Conic'],PARAMETER['False_Easting',2500000.0],PARAMETER['False_Northing',0.0],PARAMETER['Central_Meridian',-102.0],PARAMETER['Standard_Parallel_1',17.5],PARAMETER['Standard_Parallel_2',29.5],PARAMETER['Latitude_Of_Origin',12.0],UNIT['Meter',1.0]] # PROJCS['North_America_Lambert_Conformal_Conic_itrf1992',GEOGCS['GCS_ITRF_1992',DATUM['D_ITRF_1992',SPHEROID['GRS_1980',6378137.0,298.257222101]],PRIMEM['Greenwich',0.0],UNIT['Degree',0.0174532925199433],METADATA['World',-180.0,-90.0,180.0,90.0,0.0,0.0174532925199433,0.0,1262]],PROJECTION['Lambert_Conformal_Conic'],PARAMETER['False_Easting',2500000.0],PARAMETER['False_Northing',0.0],PARAMETER['Central_Meridian',-102.0],PARAMETER['Standard_Parallel_1',17.5],PARAMETER['Standard_Parallel_2',29.5],PARAMETER['Latitude_Of_Origin',12.0],UNIT['Meter',1.0]] NO_PRESERVE_SHAPE # NO_VERTICAL</Process></lineage><itemProps><itemLocation><linkage Sync="TRUE">file://\\RCNOFI047147D\D$\2015\Tematica\SHAPES\f1206_sii</linkage><protocol Sync="TRUE">Local Area Network</protocol></itemLocation></itemProps><copyHistory><copy source="D:\vSMAll2021_final\08_coberturas\4_Flujo_ZH-ok\f1206_sii" dest="\\RCNOFI047147D\D$\2015\Tematica\SHAPES\f1206_sii" date="20220801" time="08444000"></copy></copyHistory></DataProperties></Esri></metadata>
