<?xml version="1.0" encoding="UTF-8"?>
<metadata xml:lang="es"><Esri><CreaDate>20220811</CreaDate><CreaTime>10593900</CreaTime><ArcGISFormat>1.0</ArcGISFormat><SyncOnce>TRUE</SyncOnce><DataProperties><lineage><Process Name="Add Field" ToolSource="c:\program files (x86)\arcgis\desktop10.8\ArcToolbox\Toolboxes\Data Management Tools.tbx\AddField" Date="20220803" Time="123254">AddField P NUM SHORT 5 # # # NULLABLE NON_REQUIRED #</Process><Process Name="Calculate Field" ToolSource="c:\program files (x86)\arcgis\desktop10.8\ArcToolbox\Toolboxes\Data Management Tools.tbx\CalculateField" Date="20220803" Time="123254">CalculateField P NUM [NUM_1] VB #</Process><Process Name="Add Field (2)" ToolSource="c:\program files (x86)\arcgis\desktop10.8\ArcToolbox\Toolboxes\Data Management Tools.tbx\AddField" Date="20220803" Time="123254">AddField P MUESTRA TEXT # # 11 # NULLABLE NON_REQUIRED #</Process><Process Name="Calculate Field (2)" ToolSource="c:\program files (x86)\arcgis\desktop10.8\ArcToolbox\Toolboxes\Data Management Tools.tbx\CalculateField" Date="20220803" Time="123254">CalculateField P MUESTRA [MUESTRA_1] VB #</Process><Process Name="Add Field (3)" ToolSource="c:\program files (x86)\arcgis\desktop10.8\ArcToolbox\Toolboxes\Data Management Tools.tbx\AddField" Date="20220803" Time="123254">AddField P FECHA DATE # # 15 # NULLABLE NON_REQUIRED #</Process><Process Name="Calculate Field (3)" ToolSource="c:\program files (x86)\arcgis\desktop10.8\ArcToolbox\Toolboxes\Data Management Tools.tbx\CalculateField" Date="20220803" Time="123255">CalculateField P FECHA [FECHA_1] VB #</Process><Process Name="Add Field (4)" ToolSource="c:\program files (x86)\arcgis\desktop10.8\ArcToolbox\Toolboxes\Data Management Tools.tbx\AddField" Date="20220803" Time="123255">AddField P CA FLOAT 5 2 # # NULLABLE NON_REQUIRED #</Process><Process Name="Calculate Field (4)" ToolSource="c:\program files (x86)\arcgis\desktop10.8\ArcToolbox\Toolboxes\Data Management Tools.tbx\CalculateField" Date="20220803" Time="123255">CalculateField P CA [CA_1] VB #</Process><Process Name="Add Field (5)" ToolSource="c:\program files (x86)\arcgis\desktop10.8\ArcToolbox\Toolboxes\Data Management Tools.tbx\AddField" Date="20220803" Time="123255">AddField P MG FLOAT 6 2 # # NULLABLE NON_REQUIRED #</Process><Process Name="Calculate Field (5)" ToolSource="c:\program files (x86)\arcgis\desktop10.8\ArcToolbox\Toolboxes\Data Management Tools.tbx\CalculateField" Date="20220803" Time="123255">CalculateField P MG [MG_1] VB #</Process><Process Name="Add Field (6)" ToolSource="c:\program files (x86)\arcgis\desktop10.8\ArcToolbox\Toolboxes\Data Management Tools.tbx\AddField" Date="20220803" Time="123255">AddField P NA FLOAT 7 2 # # NULLABLE NON_REQUIRED #</Process><Process Name="Calculate Field (6)" ToolSource="c:\program files (x86)\arcgis\desktop10.8\ArcToolbox\Toolboxes\Data Management Tools.tbx\CalculateField" Date="20220803" Time="123255">CalculateField P NA [NA_1] VB #</Process><Process Name="Add Field (7)" ToolSource="c:\program files (x86)\arcgis\desktop10.8\ArcToolbox\Toolboxes\Data Management Tools.tbx\AddField" Date="20220803" Time="123255">AddField P K FLOAT 5 2 # # NULLABLE NON_REQUIRED #</Process><Process Name="Calculate Field (7)" ToolSource="c:\program files (x86)\arcgis\desktop10.8\ArcToolbox\Toolboxes\Data Management Tools.tbx\CalculateField" Date="20220803" Time="123255">CalculateField P K [K_1] VB #</Process><Process Name="Add Field (8)" ToolSource="c:\program files (x86)\arcgis\desktop10.8\ArcToolbox\Toolboxes\Data Management Tools.tbx\AddField" Date="20220803" Time="123255">AddField P DZA_CACO3 FLOAT 6 2 # # NULLABLE NON_REQUIRED #</Process><Process Name="Calculate Field (8)" ToolSource="c:\program files (x86)\arcgis\desktop10.8\ArcToolbox\Toolboxes\Data Management Tools.tbx\CalculateField" Date="20220803" Time="123255">CalculateField P DZA_CACO3 [DZA_CA_1] VB #</Process><Process Name="Add Field (10)" ToolSource="c:\program files (x86)\arcgis\desktop10.8\ArcToolbox\Toolboxes\Data Management Tools.tbx\AddField" Date="20220803" Time="123255">AddField P RAS FLOAT 4 2 # # NULLABLE NON_REQUIRED #</Process><Process Name="Calculate Field (10)" ToolSource="c:\program files (x86)\arcgis\desktop10.8\ArcToolbox\Toolboxes\Data Management Tools.tbx\CalculateField" Date="20220803" Time="123255">CalculateField P RAS [RAS_1] VB #</Process><Process Name="Add Field (11)" ToolSource="c:\program files (x86)\arcgis\desktop10.8\ArcToolbox\Toolboxes\Data Management Tools.tbx\AddField" Date="20220803" Time="123255">AddField P PH_CAMPO FLOAT 3 1 # # NULLABLE NON_REQUIRED #</Process><Process Name="Calculate Field (11)" ToolSource="c:\program files (x86)\arcgis\desktop10.8\ArcToolbox\Toolboxes\Data Management Tools.tbx\CalculateField" Date="20220803" Time="123255">CalculateField P Ph_CAMPO [PH_CAM_1] VB #</Process><Process Name="Add Field (12)" ToolSource="c:\program files (x86)\arcgis\desktop10.8\ArcToolbox\Toolboxes\Data Management Tools.tbx\AddField" Date="20220803" Time="123255">AddField P PH_LAB FLOAT 4 2 # # NULLABLE NON_REQUIRED #</Process><Process Name="Calculate Field (12)" ToolSource="c:\program files (x86)\arcgis\desktop10.8\ArcToolbox\Toolboxes\Data Management Tools.tbx\CalculateField" Date="20220803" Time="123255">CalculateField P Ph_LAB [PH_LAB_1] VB #</Process><Process Name="Add Field (13)" ToolSource="c:\program files (x86)\arcgis\desktop10.8\ArcToolbox\Toolboxes\Data Management Tools.tbx\AddField" Date="20220803" Time="123255">AddField P CE_CAMPO SHORT 5 # # # NULLABLE NON_REQUIRED #</Process><Process Name="Calculate Field (13)" ToolSource="c:\program files (x86)\arcgis\desktop10.8\ArcToolbox\Toolboxes\Data Management Tools.tbx\CalculateField" Date="20220803" Time="123255">CalculateField P CE_campo [CE_CAM_1] VB #</Process><Process Name="Add Field (14)" ToolSource="c:\program files (x86)\arcgis\desktop10.8\ArcToolbox\Toolboxes\Data Management Tools.tbx\AddField" Date="20220803" Time="123255">AddField P CE_LAB FLOAT 6 1 # # NULLABLE NON_REQUIRED #</Process><Process Name="Calculate Field (14)" ToolSource="c:\program files (x86)\arcgis\desktop10.8\ArcToolbox\Toolboxes\Data Management Tools.tbx\CalculateField" Date="20220803" Time="123256">CalculateField P CE_LAB [CE_LAB_1] VB #</Process><Process Name="Add Field (15)" ToolSource="c:\program files (x86)\arcgis\desktop10.8\ArcToolbox\Toolboxes\Data Management Tools.tbx\AddField" Date="20220803" Time="123256">AddField P SO4 FLOAT 6 2 # # NULLABLE NON_REQUIRED #</Process><Process Name="Calculate Field (15)" ToolSource="c:\program files (x86)\arcgis\desktop10.8\ArcToolbox\Toolboxes\Data Management Tools.tbx\CalculateField" Date="20220803" Time="123256">CalculateField P SO4 [SO4_1] VB #</Process><Process Name="Add Field (16)" ToolSource="c:\program files (x86)\arcgis\desktop10.8\ArcToolbox\Toolboxes\Data Management Tools.tbx\AddField" Date="20220803" Time="123256">AddField P HCO3 FLOAT 6 2 # # NULLABLE NON_REQUIRED #</Process><Process Name="Calculate Field (16)" ToolSource="c:\program files (x86)\arcgis\desktop10.8\ArcToolbox\Toolboxes\Data Management Tools.tbx\CalculateField" Date="20220803" Time="123256">CalculateField P HCO3 [HCO3_1] VB #</Process><Process Name="Add Field (17)" ToolSource="c:\program files (x86)\arcgis\desktop10.8\ArcToolbox\Toolboxes\Data Management Tools.tbx\AddField" Date="20220803" Time="123256">AddField P CO3 FLOAT 6 2 # # NULLABLE NON_REQUIRED #</Process><Process Name="Calculate Field (17)" ToolSource="c:\program files (x86)\arcgis\desktop10.8\ArcToolbox\Toolboxes\Data Management Tools.tbx\CalculateField" Date="20220803" Time="123256">CalculateField P CO3 [CO3_1] VB #</Process><Process Name="Add Field (18)" ToolSource="c:\program files (x86)\arcgis\desktop10.8\ArcToolbox\Toolboxes\Data Management Tools.tbx\AddField" Date="20220803" Time="123256">AddField P CL FLOAT 7 2 # # NULLABLE NON_REQUIRED #</Process><Process Name="Calculate Field (18)" ToolSource="c:\program files (x86)\arcgis\desktop10.8\ArcToolbox\Toolboxes\Data Management Tools.tbx\CalculateField" Date="20220803" Time="123256">CalculateField P CL [CL_1] VB #</Process><Process Name="Add Field (19)" ToolSource="c:\program files (x86)\arcgis\desktop10.8\ArcToolbox\Toolboxes\Data Management Tools.tbx\AddField" Date="20220803" Time="123256">AddField P NO3 FLOAT 6 2 # # NULLABLE NON_REQUIRED #</Process><Process Name="Calculate Field (19)" ToolSource="c:\program files (x86)\arcgis\desktop10.8\ArcToolbox\Toolboxes\Data Management Tools.tbx\CalculateField" Date="20220803" Time="123256">CalculateField P NO3 [NO3_1] VB #</Process><Process Name="Add Field (20)" ToolSource="c:\program files (x86)\arcgis\desktop10.8\ArcToolbox\Toolboxes\Data Management Tools.tbx\AddField" Date="20220803" Time="123256">AddField P STD_CAMPO FLOAT 6 1 # # NULLABLE NON_REQUIRED #</Process><Process Name="Calculate Field (20)" ToolSource="c:\program files (x86)\arcgis\desktop10.8\ArcToolbox\Toolboxes\Data Management Tools.tbx\CalculateField" Date="20220803" Time="123256">CalculateField P std_Campo [STD_CAM_1] VB #</Process><Process Name="Add Field (21)" ToolSource="c:\program files (x86)\arcgis\desktop10.8\ArcToolbox\Toolboxes\Data Management Tools.tbx\AddField" Date="20220803" Time="123256">AddField P STD_LAB FLOAT 7 2 # # NULLABLE NON_REQUIRED #</Process><Process Name="Calculate Field (21)" ToolSource="c:\program files (x86)\arcgis\desktop10.8\ArcToolbox\Toolboxes\Data Management Tools.tbx\CalculateField" Date="20220803" Time="123256">CalculateField P STD_LAB [STD_LAB_1] VB #</Process><Process Name="Add Field (22)" ToolSource="c:\program files (x86)\arcgis\desktop10.8\ArcToolbox\Toolboxes\Data Management Tools.tbx\AddField" Date="20220803" Time="123256">AddField P CAL_RIEGO TEXT # # 5 # NULLABLE NON_REQUIRED #</Process><Process Name="Calculate Field (22)" ToolSource="c:\program files (x86)\arcgis\desktop10.8\ArcToolbox\Toolboxes\Data Management Tools.tbx\CalculateField" Date="20220803" Time="123256">CalculateField P CAL_RIEGO [CAL_RIE_1] VB #</Process><Process Name="Add Field (23)" ToolSource="c:\program files (x86)\arcgis\desktop10.8\ArcToolbox\Toolboxes\Data Management Tools.tbx\AddField" Date="20220803" Time="123256">AddField P AGRESIVIDA TEXT # # 11 # NULLABLE NON_REQUIRED #</Process><Process Name="Calculate Field (23)" ToolSource="c:\program files (x86)\arcgis\desktop10.8\ArcToolbox\Toolboxes\Data Management Tools.tbx\CalculateField" Date="20220803" Time="123257">CalculateField P AGRESIVIDA [AGRESIV_1] VB #</Process><Process Name="Add Field (24)" ToolSource="c:\program files (x86)\arcgis\desktop10.8\ArcToolbox\Toolboxes\Data Management Tools.tbx\AddField" Date="20220803" Time="123257">AddField P DTD FLOAT 3 1 # # NULLABLE NON_REQUIRED #</Process><Process Name="Calculate Field (24)" ToolSource="c:\program files (x86)\arcgis\desktop10.8\ArcToolbox\Toolboxes\Data Management Tools.tbx\CalculateField" Date="20220803" Time="123257">CalculateField P DTD [DTD_1] VB #</Process><Process Name="Add Field (25)" ToolSource="c:\program files (x86)\arcgis\desktop10.8\ArcToolbox\Toolboxes\Data Management Tools.tbx\AddField" Date="20220803" Time="123257">AddField P Q SHORT 5 # # # NULLABLE NON_REQUIRED #</Process><Process Name="Calculate Field (25)" ToolSource="c:\program files (x86)\arcgis\desktop10.8\ArcToolbox\Toolboxes\Data Management Tools.tbx\CalculateField" Date="20220803" Time="123257">CalculateField P Q [Q_1] VB #</Process><Process Name="Add Field (26)" ToolSource="c:\program files (x86)\arcgis\desktop10.8\ArcToolbox\Toolboxes\Data Management Tools.tbx\AddField" Date="20220803" Time="123257">AddField P PTO FLOAT 5 1 # # NULLABLE NON_REQUIRED #</Process><Process Name="Calculate Field (26)" ToolSource="c:\program files (x86)\arcgis\desktop10.8\ArcToolbox\Toolboxes\Data Management Tools.tbx\CalculateField" Date="20220803" Time="123257">CalculateField P PTO [PTO_1] VB #</Process><Process Name="Add Field (27)" ToolSource="c:\program files (x86)\arcgis\desktop10.8\ArcToolbox\Toolboxes\Data Management Tools.tbx\AddField" Date="20220803" Time="123257">AddField P NE FLOAT 4 1 # # NULLABLE NON_REQUIRED #</Process><Process Name="Calculate Field (27)" ToolSource="c:\program files (x86)\arcgis\desktop10.8\ArcToolbox\Toolboxes\Data Management Tools.tbx\CalculateField" Date="20220803" Time="123257">CalculateField P NE [NE_1] VB #</Process><Process Name="Add Field (28)" ToolSource="c:\program files (x86)\arcgis\desktop10.8\ArcToolbox\Toolboxes\Data Management Tools.tbx\AddField" Date="20220803" Time="123257">AddField P ND FLOAT 4 1 # # NULLABLE NON_REQUIRED #</Process><Process Name="Calculate Field (28)" ToolSource="c:\program files (x86)\arcgis\desktop10.8\ArcToolbox\Toolboxes\Data Management Tools.tbx\CalculateField" Date="20220803" Time="123257">CalculateField P ND [ND_1] VB #</Process><Process Name="Add Field (29)" ToolSource="c:\program files (x86)\arcgis\desktop10.8\ArcToolbox\Toolboxes\Data Management Tools.tbx\AddField" Date="20220803" Time="123257">AddField P Q_SW FLOAT 7 2 # # NULLABLE NON_REQUIRED #</Process><Process Name="Calculate Field (29)" ToolSource="c:\program files (x86)\arcgis\desktop10.8\ArcToolbox\Toolboxes\Data Management Tools.tbx\CalculateField" Date="20220803" Time="123257">CalculateField P Q_SW [Q_SW_1] VB #</Process><Process Name="Add Field (30)" ToolSource="c:\program files (x86)\arcgis\desktop10.8\ArcToolbox\Toolboxes\Data Management Tools.tbx\AddField" Date="20220803" Time="123257">AddField P T_BOMBA TEXT # # 18 # NULLABLE NON_REQUIRED #</Process><Process Name="Calculate Field (30)" ToolSource="c:\program files (x86)\arcgis\desktop10.8\ArcToolbox\Toolboxes\Data Management Tools.tbx\CalculateField" Date="20220803" Time="123257">CalculateField P T_BOMBA [T_BOMBA_1] VB #</Process><Process Name="Add Field (31)" ToolSource="c:\program files (x86)\arcgis\desktop10.8\ArcToolbox\Toolboxes\Data Management Tools.tbx\AddField" Date="20220803" Time="123257">AddField P F_ENERGIA TEXT # # 19 # NULLABLE NON_REQUIRED #</Process><Process Name="Calculate Field (31)" ToolSource="c:\program files (x86)\arcgis\desktop10.8\ArcToolbox\Toolboxes\Data Management Tools.tbx\CalculateField" Date="20220803" Time="123257">CalculateField P F_ENERGIA [F_ENER_1] VB #</Process><Process Name="Add Field (32)" ToolSource="c:\program files (x86)\arcgis\desktop10.8\ArcToolbox\Toolboxes\Data Management Tools.tbx\AddField" Date="20220803" Time="123257">AddField P USO TEXT # # 15 # NULLABLE NON_REQUIRED #</Process><Process Name="Calculate Field (32)" ToolSource="c:\program files (x86)\arcgis\desktop10.8\ArcToolbox\Toolboxes\Data Management Tools.tbx\CalculateField" Date="20220803" Time="123258">CalculateField P USO [USO_1] VB #</Process><Process Name="Add Field (33)" ToolSource="c:\program files (x86)\arcgis\desktop10.8\ArcToolbox\Toolboxes\Data Management Tools.tbx\AddField" Date="20220803" Time="123258">AddField P TEMP FLOAT 4 1 # # NULLABLE NON_REQUIRED #</Process><Process Name="Calculate Field (33)" ToolSource="c:\program files (x86)\arcgis\desktop10.8\ArcToolbox\Toolboxes\Data Management Tools.tbx\CalculateField" Date="20220803" Time="123258">CalculateField P TEMP [TEMP_1] VB #</Process><Process Name="Add Field (34)" ToolSource="c:\program files (x86)\arcgis\desktop10.8\ArcToolbox\Toolboxes\Data Management Tools.tbx\AddField" Date="20220803" Time="123258">AddField P SALINIDAD TEXT # # 9 # NULLABLE NON_REQUIRED #</Process><Process Name="Calculate Field (34)" ToolSource="c:\program files (x86)\arcgis\desktop10.8\ArcToolbox\Toolboxes\Data Management Tools.tbx\CalculateField" Date="20220803" Time="123258">CalculateField P SALINIDAD [SALIN_1] VB #</Process><Process Name="Add Field (35)" ToolSource="c:\program files (x86)\arcgis\desktop10.8\ArcToolbox\Toolboxes\Data Management Tools.tbx\AddField" Date="20220803" Time="123258">AddField P FAMILIA TEXT # # 66 # NULLABLE NON_REQUIRED #</Process><Process Name="Calculate Field (35)" ToolSource="c:\program files (x86)\arcgis\desktop10.8\ArcToolbox\Toolboxes\Data Management Tools.tbx\CalculateField" Date="20220803" Time="123258">CalculateField P FAMILIA [FAMIL_1] VB #</Process><Process Name="Add Field (36)" ToolSource="c:\program files (x86)\arcgis\desktop10.8\ArcToolbox\Toolboxes\Data Management Tools.tbx\AddField" Date="20220803" Time="123258">AddField P OBSERVACIO TEXT # # 80 # NULLABLE NON_REQUIRED #</Process><Process Name="Calculate Field (36)" ToolSource="c:\program files (x86)\arcgis\desktop10.8\ArcToolbox\Toolboxes\Data Management Tools.tbx\CalculateField" Date="20220803" Time="123258">CalculateField P OBSERVACIO [OBSERV_1] VB #</Process><Process Name="Add Field (37)" ToolSource="c:\program files (x86)\arcgis\desktop10.8\ArcToolbox\Toolboxes\Data Management Tools.tbx\AddField" Date="20220803" Time="123258">AddField P CAL_POS TEXT # # 10 # NULLABLE NON_REQUIRED #</Process><Process Name="Calculate Field (37)" ToolSource="c:\program files (x86)\arcgis\desktop10.8\ArcToolbox\Toolboxes\Data Management Tools.tbx\CalculateField" Date="20220803" Time="123258">CalculateField P CAL_POS [CAL_POS_1] VB #</Process><Process Name="Add Field (38)" ToolSource="c:\program files (x86)\arcgis\desktop10.8\ArcToolbox\Toolboxes\Data Management Tools.tbx\AddField" Date="20220803" Time="123258">AddField P XX FLOAT 15 3 # # NULLABLE NON_REQUIRED #</Process><Process Name="Calculate Field (38)" ToolSource="c:\program files (x86)\arcgis\desktop10.8\ArcToolbox\Toolboxes\Data Management Tools.tbx\CalculateField" Date="20220803" Time="123258">CalculateField P XX [X] VB #</Process><Process Name="Add Field (39)" ToolSource="c:\program files (x86)\arcgis\desktop10.8\ArcToolbox\Toolboxes\Data Management Tools.tbx\AddField" Date="20220803" Time="123258">AddField P YY FLOAT 15 3 # # NULLABLE NON_REQUIRED #</Process><Process Name="Calculate Field (39)" ToolSource="c:\program files (x86)\arcgis\desktop10.8\ArcToolbox\Toolboxes\Data Management Tools.tbx\CalculateField" Date="20220803" Time="123258">CalculateField P YY [Y] VB #</Process><Process Name="Delete Field" ToolSource="c:\program files (x86)\arcgis\desktop10.8\ArcToolbox\Toolboxes\Data Management Tools.tbx\DeleteField" Date="20220803" Time="123258">DeleteField P id;NUM_1;MUESTRA_1;FECHA_1;CA_1;MG_1;NA_1;K_1;DZA_CA_1;RAS_1;PH_CAM_1;PH_LAB_1;CE_CAM_1;CE_LAB_1;SO4_1;HCO3_1;CO3_1;CL_1;NO3_1;STD_CAM_1;STD_LAB_1;CAL_RIE_1;AGRESIV_1;DTD_1;Q_1;PTO_1;NE_1;ND_1;Q_SW_1;T_BOMBA_1;F_ENER_1;USO_1;TEMP_1;SALIN_1;FAMIL_1;OBSERV_1;CAL_POS_1;X;Y;long;lat</Process><Process ToolSource="c:\program files (x86)\arcgis\desktop10.8\ArcToolbox\Toolboxes\Data Management Tools.tbx\CalculateField" Date="20220803" Time="141001">CalculateField p1206_ii AGRESIVIDA "Incrustante" VB #</Process><Process ToolSource="c:\program files (x86)\arcgis\desktop10.8\ArcToolbox\Toolboxes\Data Management Tools.tbx\CalculateField" Date="20220803" Time="141010">CalculateField p1206_ii AGRESIVIDA "Incrustante" VB #</Process><Process ToolSource="c:\program files (x86)\arcgis\desktop10.8\ArcToolbox\Toolboxes\Data Management Tools.tbx\Project" Date="20220811" Time="105940">Project p1206_ii D:\vSMAll2021_final\08_coberturas\Zona_Hidrogeologica_San_Miguel_de_Allende\1_Shape_epoca2008\p1206_ii.shp PROJCS['MEXICO_ITRF_2008_UTM_Zone_14N',GEOGCS['ITRF_2008',DATUM['D_ITRF_2008',SPHEROID['GRS_1980',6378137.0,298.257222101]],PRIMEM['Greenwich',0.0],UNIT['Degree',0.0174532925199433]],PROJECTION['Transverse_Mercator'],PARAMETER['False_Easting',500000.0],PARAMETER['False_Northing',0.0],PARAMETER['Central_Meridian',-99.0],PARAMETER['Scale_Factor',0.9996],PARAMETER['Latitude_Of_Origin',0.0],UNIT['Meter',1.0]] # PROJCS['North_America_Lambert_Conformal_Conic_itrf1992',GEOGCS['GCS_ITRF_1992',DATUM['D_ITRF_1992',SPHEROID['GRS_1980',6378137.0,298.257222101]],PRIMEM['Greenwich',0.0],UNIT['Degree',0.0174532925199433],METADATA['World',-180.0,-90.0,180.0,90.0,0.0,0.0174532925199433,0.0,1262]],PROJECTION['Lambert_Conformal_Conic'],PARAMETER['False_Easting',2500000.0],PARAMETER['False_Northing',0.0],PARAMETER['Central_Meridian',-102.0],PARAMETER['Standard_Parallel_1',17.5],PARAMETER['Standard_Parallel_2',29.5],PARAMETER['Latitude_Of_Origin',12.0],UNIT['Meter',1.0]] NO_PRESERVE_SHAPE # NO_VERTICAL</Process></lineage><itemProps><itemLocation><linkage Sync="TRUE">file://\\RCNOFI047147D\D$\vSMAll2021_final\08_coberturas\Zona_Hidrogeologica_San_Miguel_de_Allende\1_Shape\p_final3ago22</linkage><protocol Sync="TRUE">Local Area Network</protocol></itemLocation></itemProps><copyHistory><copy source="D:\vSMAll2021_final\08_coberturas\9a_Pozo_ZH\p_final3ago22" dest="\\RCNOFI047147D\D$\vSMAll2021_final\08_coberturas\Zona_Hidrogeologica_San_Miguel_de_Allende\1_Shape\p_final3ago22" date="20220803" time="14020500"></copy></copyHistory></DataProperties></Esri></metadata>
