<?xml version="1.0"?>
<!--<!DOCTYPE metadata SYSTEM "http://www.esri.com/metadata/esriprof80.dtd">-->
<metadata xml:lang="es"><Esri><CreaDate>20220811</CreaDate><CreaTime>11035000</CreaTime><SyncOnce>FALSE</SyncOnce><SyncDate>20220211</SyncDate><SyncTime>16430700</SyncTime><ModDate>20220211</ModDate><ModTime>16430700</ModTime><DataProperties><lineage><Process Name="Project_1" ToolSource="C:\Arcgis\arcexe9x\ArcGIS\ArcToolbox\Toolboxes\Data Management Tools.tbx\Project" Date="20070612" Time="105203">Project vedas_nal_080507 C:\datos\Cartografia\Vedas\mayo07\vedas_2007_CCL.shp PROJCS['Cónica Conforme de Lambert',GEOGCS['GCS_North_American_1927',DATUM['D_North_American_1927',SPHEROID['Clarke_1866',6378206.4,294.9786982]],PRIMEM['Greenwich',0.0],UNIT['Degree',0.0174532925199433]],PROJECTION['Lambert_Conformal_Conic'],PARAMETER['False_Easting',2500000.0],PARAMETER['False_Northing',0.0],PARAMETER['Central_Meridian',-102.0],PARAMETER['Standard_Parallel_1',17.5],PARAMETER['Standard_Parallel_2',29.5],PARAMETER['Scale_Factor',1.0],PARAMETER['Latitude_Of_Origin',12.0],UNIT['Meter',1.0]] #</Process><Process ToolSource="c:\program files (x86)\arcgis\desktop10.8\ArcToolbox\Toolboxes\Analysis Tools.tbx\Clip" Date="20220211" Time="164308">Clip vedas2007CCLitr92 z_rec_SNMiguel D:\vSMAll2021_final\08_coberturas\9e_Vedas_ZH\V.shp #</Process><Process ToolSource="c:\program files (x86)\arcgis\desktop10.8\ArcToolbox\Toolboxes\Data Management Tools.tbx\CalculateField" Date="20220214" Time="164350">CalculateField V fechas [FECH_DOF] VB #</Process><Process ToolSource="c:\program files (x86)\arcgis\desktop10.8\ArcToolbox\Toolboxes\Data Management Tools.tbx\CalculateField" Date="20220214" Time="165347">CalculateField V CAL_POS "Aproximada" VB #</Process><Process ToolSource="c:\program files (x86)\arcgis\desktop10.8\ArcToolbox\Toolboxes\Data Management Tools.tbx\Project" Date="20220801" Time="085407">Project D:\2015\Tematica\SHAPES\v1206_sii.shp D:\2015\shp_Allende_CCL\v1206_ii_CCL.shp PROJCS['North_America_Lambert_Conformal_Conic_itrf1992',GEOGCS['GCS_ITRF_1992',DATUM['D_ITRF_1992',SPHEROID['GRS_1980',6378137.0,298.257222101]],PRIMEM['Greenwich',0.0],UNIT['Degree',0.0174532925199433],METADATA['World',-180.0,-90.0,180.0,90.0,0.0,0.0174532925199433,0.0,1262]],PROJECTION['Lambert_Conformal_Conic'],PARAMETER['False_Easting',2500000.0],PARAMETER['False_Northing',0.0],PARAMETER['Central_Meridian',-102.0],PARAMETER['Standard_Parallel_1',17.5],PARAMETER['Standard_Parallel_2',29.5],PARAMETER['Latitude_Of_Origin',12.0],UNIT['Meter',1.0]] # PROJCS['North_America_Lambert_Conformal_Conic_itrf1992',GEOGCS['GCS_ITRF_1992',DATUM['D_ITRF_1992',SPHEROID['GRS_1980',6378137.0,298.257222101]],PRIMEM['Greenwich',0.0],UNIT['Degree',0.0174532925199433]],PROJECTION['Lambert_Conformal_Conic'],PARAMETER['False_Easting',2500000.0],PARAMETER['False_Northing',0.0],PARAMETER['Central_Meridian',-102.0],PARAMETER['Standard_Parallel_1',17.5],PARAMETER['Standard_Parallel_2',29.5],PARAMETER['Latitude_Of_Origin',12.0],UNIT['Meter',1.0]] NO_PRESERVE_SHAPE # NO_VERTICAL</Process><Process ToolSource="c:\program files (x86)\arcgis\desktop10.8\ArcToolbox\Toolboxes\Data Management Tools.tbx\Project" Date="20220811" Time="110351">Project v1206_ii D:\vSMAll2021_final\08_coberturas\Zona_Hidrogeologica_San_Miguel_de_Allende\1_Shape_epoca2008\v1206_ii.shp PROJCS['MEXICO_ITRF_2008_UTM_Zone_14N',GEOGCS['ITRF_2008',DATUM['D_ITRF_2008',SPHEROID['GRS_1980',6378137.0,298.257222101]],PRIMEM['Greenwich',0.0],UNIT['Degree',0.0174532925199433]],PROJECTION['Transverse_Mercator'],PARAMETER['False_Easting',500000.0],PARAMETER['False_Northing',0.0],PARAMETER['Central_Meridian',-99.0],PARAMETER['Scale_Factor',0.9996],PARAMETER['Latitude_Of_Origin',0.0],UNIT['Meter',1.0]] # PROJCS['North_America_Lambert_Conformal_Conic_itrf1992',GEOGCS['GCS_ITRF_1992',DATUM['D_ITRF_1992',SPHEROID['GRS_1980',6378137.0,298.257222101]],PRIMEM['Greenwich',0.0],UNIT['Degree',0.0174532925199433],METADATA['World',-180.0,-90.0,180.0,90.0,0.0,0.0174532925199433,0.0,1262]],PROJECTION['Lambert_Conformal_Conic'],PARAMETER['False_Easting',2500000.0],PARAMETER['False_Northing',0.0],PARAMETER['Central_Meridian',-102.0],PARAMETER['Standard_Parallel_1',17.5],PARAMETER['Standard_Parallel_2',29.5],PARAMETER['Latitude_Of_Origin',12.0],UNIT['Meter',1.0]] NO_PRESERVE_SHAPE # NO_VERTICAL</Process><Process ToolSource="c:\program files (x86)\arcgis\desktop10.8\ArcToolbox\Toolboxes\Data Management Tools.tbx\CalculateField" Date="20221019" Time="075439">CalculateField v1206_ii CLASIF_LEY "N/A" VB #</Process></lineage><itemProps><itemLocation><linkage Sync="TRUE">file://\\RCNOFI047147D\D$\2015\Tematica\SHAPES\v1206_sii</linkage><protocol Sync="TRUE">Local Area Network</protocol></itemLocation><itemName Sync="TRUE">V</itemName><imsContentType Sync="TRUE">002</imsContentType><itemSize Sync="TRUE">0.000</itemSize></itemProps><copyHistory><copy source="D:\vSMAll2021_final\08_coberturas\9e_Vedas_ZH_ok\v1206_sii" dest="\\RCNOFI047147D\D$\2015\Tematica\SHAPES\v1206_sii" date="20220801" time="08472100"></copy></copyHistory><coordRef><type Sync="TRUE">Projected</type><geogcsn Sync="TRUE">GCS_ITRF_1992</geogcsn><csUnits Sync="TRUE">Linear Unit: Meter (1.000000)</csUnits><projcsn Sync="TRUE">North_America_Lambert_Conformal_Conic_itrf1992</projcsn><peXml Sync="TRUE">&lt;ProjectedCoordinateSystem xsi:type='typens:ProjectedCoordinateSystem' xmlns:xsi='http://www.w3.org/2001/XMLSchema-instance' xmlns:xs='http://www.w3.org/2001/XMLSchema' xmlns:typens='http://www.esri.com/schemas/ArcGIS/10.8'&gt;&lt;WKT&gt;PROJCS[&amp;quot;North_America_Lambert_Conformal_Conic_itrf1992&amp;quot;,GEOGCS[&amp;quot;GCS_ITRF_1992&amp;quot;,DATUM[&amp;quot;D_ITRF_1992&amp;quot;,SPHEROID[&amp;quot;GRS_1980&amp;quot;,6378137.0,298.257222101]],PRIMEM[&amp;quot;Greenwich&amp;quot;,0.0],UNIT[&amp;quot;Degree&amp;quot;,0.0174532925199433]],PROJECTION[&amp;quot;Lambert_Conformal_Conic&amp;quot;],PARAMETER[&amp;quot;False_Easting&amp;quot;,2500000.0],PARAMETER[&amp;quot;False_Northing&amp;quot;,0.0],PARAMETER[&amp;quot;Central_Meridian&amp;quot;,-102.0],PARAMETER[&amp;quot;Standard_Parallel_1&amp;quot;,17.5],PARAMETER[&amp;quot;Standard_Parallel_2&amp;quot;,29.5],PARAMETER[&amp;quot;Latitude_Of_Origin&amp;quot;,12.0],UNIT[&amp;quot;Meter&amp;quot;,1.0]]&lt;/WKT&gt;&lt;XOrigin&gt;-37031600&lt;/XOrigin&gt;&lt;YOrigin&gt;-25743800&lt;/YOrigin&gt;&lt;XYScale&gt;113924041.20679393&lt;/XYScale&gt;&lt;ZOrigin&gt;-100000&lt;/ZOrigin&gt;&lt;ZScale&gt;10000&lt;/ZScale&gt;&lt;MOrigin&gt;-100000&lt;/MOrigin&gt;&lt;MScale&gt;10000&lt;/MScale&gt;&lt;XYTolerance&gt;0.001&lt;/XYTolerance&gt;&lt;ZTolerance&gt;0.001&lt;/ZTolerance&gt;&lt;MTolerance&gt;0.001&lt;/MTolerance&gt;&lt;HighPrecision&gt;true&lt;/HighPrecision&gt;&lt;/ProjectedCoordinateSystem&gt;</peXml></coordRef></DataProperties><ArcGISFormat>1.0</ArcGISFormat></Esri><idinfo><native Sync="TRUE">Microsoft Windows XP Version 5.1 (Build 2600) Service Pack 2; ESRI ArcCatalog 9.1.0.780</native><descript><abstract>Delimitación de las Zonas de veda de aguas subterráneas en la República Mexicana, las poligonales fueron definidas por los vertices  y límites descritos para las mismas en el DOF respectivo, con base en límites estatales y municipales del Marco Geoestadístico Municipal de 2000 y en cartas topográficas de INEGI escala 1:250 000 y 1:50 000</abstract><purpose>Contar con una delimitación de Zonas de veda, que contribuya al manejo integrado y sustentable del recurso hídrico</purpose><langdata>español</langdata></descript><citation><citeinfo><origin>Comisión Nacional del Agua. Subdirección General Técnica. Gerencia de Aguas Subterráneas</origin><pubdate>REQUIRED: The date when the data set is published or otherwise made available for release.</pubdate><title>Delimitación de Zonas de Veda</title><ftname Sync="TRUE">vedas_2007_CCL</ftname><geoform Sync="TRUE">vector digital data</geoform><onlink Sync="TRUE">\\CE0008W160\C$\datos\Cartografia\Vedas\mayo07\vedas_2007_CCL.shp</onlink></citeinfo></citation><timeperd><current>publication date</current><timeinfo><mdattim><sngdate><caldate>REQUIRED: The year (and optionally month, or month and day) for which the data set corresponds to the ground.</caldate></sngdate></mdattim></timeinfo></timeperd><status><progress>Complete</progress><update>As needed</update></status><spdom><bounding><westbc Sync="TRUE">-117.129431</westbc><eastbc Sync="TRUE">-85.258584</eastbc><northbc Sync="TRUE">33.208431</northbc><southbc Sync="TRUE">14.857741</southbc></bounding><lboundng><leftbc Sync="TRUE">1071177.765570</leftbc><rightbc Sync="TRUE">4082382.520795</rightbc><bottombc Sync="TRUE">400125.522194</bottombc><topbc Sync="TRUE">2349483.020741</topbc></lboundng></spdom><keywords><theme><themekt>Figura juridica empleada para limitar el volumen de extracción y/o restringir usos de agua subterránea</themekt><themekey>Veda</themekey></theme><place/><theme><themekt>Aquellas áreas específicas de las regiones hidrológicas, cuencas hidrológicas o acuíferos, en las cuales no se autorizan aprovechamientos de agua adicionales a los establecidos legalmente y éstos se controlan mediante reglamentos específicos, en virtud del deterioro del agua en cantidad o calidad, por la afectación a la sustentabilidad hidrológica, o por el daño a cuerpos de agua superficiales o subterráneos</themekt><themekey>Zona de veda</themekey></theme></keywords><accconst>No se requieren permisos</accconst><useconst>Para cualquier ajuste o modificación deberá comunicarse con los contactos</useconst><natvform Sync="TRUE">Shapefile</natvform><ptcontac><cntinfo><cntorgp><cntorg>Comisión Nacional del Agua</cntorg><cntper>Ing. Domingo Arturo Silva Gamboa</cntper></cntorgp><cntpos>Subgerente</cntpos><cntvoice>5551744433</cntvoice><cntemail>domingo.silva@cna.gob.mx</cntemail><hours>9:00 hrs. a 18 hrs.</hours><cntaddr><addrtype>physical address</addrtype><address>Insurgentes Sur 2416 Piso 9, ala sur. Col. Copilco El Bajo.</address><city>México</city><state>Distrito Federal</state><postal>04340</postal><country>México</country></cntaddr></cntinfo></ptcontac></idinfo><dataIdInfo><envirDesc Sync="TRUE"> Version 6.2 (Build 9200) ; Esri ArcGIS 10.8.1.14362</envirDesc><dataLang><languageCode Sync="TRUE" value="spa"></languageCode><countryCode value="MEX" Sync="TRUE"></countryCode></dataLang><idCitation><resTitle Sync="TRUE">V</resTitle><presForm><PresFormCd Sync="TRUE" value="005"></PresFormCd></presForm></idCitation><spatRpType><SpatRepTypCd Sync="TRUE" value="001"></SpatRepTypCd></spatRpType><dataExt><geoEle><GeoBndBox esriExtentType="native"><westBL Sync="TRUE">1071177.76557</westBL><eastBL Sync="TRUE">4082382.520795</eastBL><northBL Sync="TRUE">2349483.020741</northBL><southBL Sync="TRUE">400125.522194</southBL><exTypeCode Sync="TRUE">1</exTypeCode></GeoBndBox></geoEle></dataExt><geoBox esriExtentType="decdegrees"><westBL Sync="TRUE">-117.129431</westBL><eastBL Sync="TRUE">-85.258584</eastBL><northBL Sync="TRUE">33.208431</northBL><southBL Sync="TRUE">14.857741</southBL><exTypeCode Sync="TRUE">1</exTypeCode></geoBox></dataIdInfo><metainfo><langmeta Sync="TRUE">es</langmeta><metstdn Sync="TRUE">FGDC Content Standards for Digital Geospatial Metadata</metstdn><metstdv Sync="TRUE">FGDC-STD-001-1998</metstdv><mettc Sync="TRUE">local time</mettc><metc><cntinfo><cntorgp><cntper>María Mireya Figueroa  De Jesús</cntper><cntorg>Comisión Nacional del Agua</cntorg></cntorgp><cntaddr><addrtype>physical address</addrtype><city>México</city><state>Distrito Federal</state><postal>04340</postal><address>Insurgentes Sur 2416, piso 9, Ala Sur. Col. Copilco El Bajo</address><country>México</country></cntaddr><cntvoice>5551744433</cntvoice><cntpos>Especialista en Hidráulica</cntpos><hours>10:00 a.m. a 18:00 p.m</hours><cntinst>Días hábiles</cntinst><cntemail>mireya.figueroa@cna.gob.mx</cntemail></cntinfo></metc><metd Sync="TRUE">20070705</metd></metainfo><mdLang><languageCode Sync="TRUE" value="spa"></languageCode><countryCode value="MEX" Sync="TRUE"></countryCode></mdLang><mdStanName Sync="TRUE">ISO 19115 Geographic Information - Metadata</mdStanName><mdStanVer Sync="TRUE">DIS_ESRI1.0</mdStanVer><mdChar><CharSetCd Sync="TRUE" value="004"></CharSetCd></mdChar><mdHrLv><ScopeCd Sync="TRUE" value="005"></ScopeCd></mdHrLv><mdHrLvName Sync="TRUE">dataset</mdHrLvName><distinfo><resdesc Sync="TRUE">Downloadable Data</resdesc><stdorder><digform><digtinfo><transize Sync="TRUE">4.058</transize><dssize Sync="TRUE">4.058</dssize></digtinfo></digform></stdorder></distinfo><distInfo><distributor><distorTran><onLineSrc><orDesc Sync="TRUE">002</orDesc><linkage Sync="TRUE">file://\\CE0008W160\C$\datos\Cartografia\Vedas\mayo07\vedas_2007_CCL.shp</linkage><protocol Sync="TRUE">Local Area Network</protocol></onLineSrc><transSize Sync="TRUE">4.058</transSize></distorTran><distorFormat><formatName Sync="TRUE">Shapefile</formatName></distorFormat></distributor><distFormat><formatName Sync="TRUE">Shapefile</formatName></distFormat><distTranOps><transSize Sync="TRUE">0.000</transSize></distTranOps></distInfo><spdoinfo><direct Sync="TRUE">Vector</direct><ptvctinf><esriterm Name="V"><efeatyp Sync="TRUE">Simple</efeatyp><efeageom code="4" Sync="TRUE"></efeageom><esritopo Sync="TRUE">FALSE</esritopo><efeacnt Sync="TRUE">0</efeacnt><spindex Sync="TRUE">FALSE</spindex><linrefer Sync="TRUE">FALSE</linrefer></esriterm></ptvctinf></spdoinfo><spref><horizsys><cordsysn><geogcsn Sync="TRUE">GCS_North_American_1927</geogcsn><projcsn Sync="TRUE">Cónica Conforme de Lambert</projcsn></cordsysn><geodetic><horizdn Sync="TRUE">North American Datum of 1927</horizdn><ellips Sync="TRUE">Clarke 1866</ellips><semiaxis Sync="TRUE">6378206.400000</semiaxis><denflat Sync="TRUE">294.978698</denflat></geodetic><planar><planci><plance Sync="TRUE">coordinate pair</plance><plandu Sync="TRUE">meters</plandu><coordrep><absres Sync="TRUE">0.008192</absres><ordres Sync="TRUE">0.008192</ordres></coordrep></planci></planar></horizsys></spref><refSysInfo><RefSystem><refSysID><identCode Sync="TRUE" code="0">Cónica Conforme de Lambert</identCode></refSysID></RefSystem></refSysInfo><spatRepInfo><VectSpatRep><geometObjs Name="V"><geoObjTyp><GeoObjTypCd value="002" Sync="TRUE"></GeoObjTypCd></geoObjTyp><geoObjCnt Sync="TRUE">0</geoObjCnt></geometObjs><topLvl><TopoLevCd value="001" Sync="TRUE"></TopoLevCd></topLvl></VectSpatRep></spatRepInfo><eainfo><detailed Name="V"><enttyp><enttypl Sync="TRUE">V</enttypl><enttypt Sync="TRUE">Feature Class</enttypt><enttypc Sync="TRUE">0</enttypc></enttyp><attr><attrlabl Sync="TRUE">FID</attrlabl><attalias Sync="TRUE">FID</attalias><attrtype Sync="TRUE">OID</attrtype><attwidth Sync="TRUE">4</attwidth><atprecis Sync="TRUE">0</atprecis><attscale Sync="TRUE">0</attscale><attrdef Sync="TRUE">Internal feature number.</attrdef><attrdefs Sync="TRUE">ESRI</attrdefs><attrdomv><udom Sync="TRUE">Sequential unique whole numbers that are automatically generated.</udom></attrdomv></attr><attr><attrlabl Sync="TRUE">Shape</attrlabl><attalias Sync="TRUE">Shape</attalias><attrtype Sync="TRUE">Geometry</attrtype><attwidth Sync="TRUE">0</attwidth><atprecis Sync="TRUE">0</atprecis><attscale Sync="TRUE">0</attscale><attrdef Sync="TRUE">Feature geometry.</attrdef><attrdefs Sync="TRUE">ESRI</attrdefs><attrdomv><udom Sync="TRUE">Coordinates defining the features.</udom></attrdomv></attr><attr><attrlabl Sync="TRUE">NUM_VEDA</attrlabl><attalias Sync="TRUE">NUM_VEDA</attalias><attrtype Sync="TRUE">String</attrtype><attwidth Sync="TRUE">4</attwidth><attrdef>Número de veda. Es un número compuesto por cuatro dígitos donde los dos primeros corresponden a la clave del estado y los dos siguientes al número asignado a la veda en orden cronológico</attrdef><atprecis Sync="TRUE">0</atprecis><attscale Sync="TRUE">0</attscale></attr><attr><attrlabl Sync="TRUE">ESTADO</attrlabl><attalias Sync="TRUE">ESTADO</attalias><attrtype Sync="TRUE">String</attrtype><attwidth Sync="TRUE">30</attwidth><attrdef>Nombre del Estado. Nombre con el que se identifica al Estado</attrdef><atprecis Sync="TRUE">0</atprecis><attscale Sync="TRUE">0</attscale></attr><attr><attrlabl Sync="TRUE">CVE_EDO</attrlabl><attalias Sync="TRUE">CVE_EDO</attalias><attrtype Sync="TRUE">SmallInteger</attrtype><attwidth Sync="TRUE">2</attwidth><attrdef>Clave del Estado. Número único por Estado con el que se identifica</attrdef><atprecis Sync="TRUE">2</atprecis><attscale Sync="TRUE">0</attscale></attr><attr><attrlabl Sync="TRUE">NOM_CORT</attrlabl><attalias Sync="TRUE">NOM_CORT</attalias><attrtype Sync="TRUE">String</attrtype><attwidth Sync="TRUE">80</attwidth><attrdef>Nombre Corto de la veda. Nombre usado comunmente para identificar a la veda</attrdef><atprecis Sync="TRUE">0</atprecis><attscale Sync="TRUE">0</attscale></attr><attr><attrlabl Sync="TRUE">FECH_DOF</attrlabl><attalias Sync="TRUE">FECH_DOF</attalias><attrtype Sync="TRUE">String</attrtype><attwidth Sync="TRUE">10</attwidth><attrdef>Fecha de publicación en el Diario Oficial de la Federación. Es la fecha de publicación del decreto de veda en el Diario Oficial de la Federación</attrdef><atprecis Sync="TRUE">0</atprecis><attscale Sync="TRUE">0</attscale></attr><attr><attrlabl Sync="TRUE">NOM_OF</attrlabl><attalias Sync="TRUE">NOM_OF</attalias><attrtype Sync="TRUE">String</attrtype><attwidth Sync="TRUE">254</attwidth><attrdef>Nombre Oficial. Es el título con el que se publicó el decreto de veda en el Diario Oficial de la Federación</attrdef><atprecis Sync="TRUE">0</atprecis><attscale Sync="TRUE">0</attscale></attr><attr><attrlabl Sync="TRUE">CLASIF</attrlabl><attalias Sync="TRUE">CLASIF</attalias><attrtype Sync="TRUE">String</attrtype><attwidth Sync="TRUE">3</attwidth><attrdomv><edom><edomv>I</edomv><edomvd>Tipo I</edomvd><edomvds>Zonas de veda en las que no es posible aumentar las extracciones sin peligro de abatir peligrosamente o agotar los mantos acuíferos</edomvds></edom><edom><edomv>II</edomv><edomvd>Tipo II</edomvd><edomvds>Zonas de veda en las que la capacidad de los mantos acuíferos sólo permite extracciones para usos domésticos</edomvds></edom><edom><edomv>III</edomv><edomvd>Tipo III</edomvd><edomvds>Zonas de veda en las que la capacidad de los mantos acuíferos permite extracciones limitadas para usos domésticos, industriales, de riego y otros</edomvds></edom><edom><edomv>NA</edomv><edomvd>No aplica</edomvd><edomvds>No aplica la clasificaicón descrita por el Reglamento de la ley en Materia de Aguas del Subsuelo de 1956</edomvds></edom></attrdomv><attrdef>Clasificación. Es la clasificación asignada por la Gerencia de Aguas Subterráneas, de acuerdo a lo descrito específicamente o interpretado del texto del cada decreto de veda.</attrdef><attrdefs>Comisión Nacional  del Agua  Subdirección General Técnica Gerencia de Aguas Subterráneas</attrdefs><atprecis Sync="TRUE">0</atprecis><attscale Sync="TRUE">0</attscale></attr><attr><attrlabl Sync="TRUE">CLASIF_LEY</attrlabl><attalias Sync="TRUE">CLASIF_LEY</attalias><attrtype Sync="TRUE">String</attrtype><attwidth Sync="TRUE">3</attwidth><attrdomv><edom><edomv>I</edomv><edomvd>Tipo I</edomvd><edomvds>Zonas de veda en las que no es posible aumentar las extracciones sin peligro de abatir peligrosamente o agotar los mantos acuíferos</edomvds></edom></attrdomv><attrdomv><edom><edomv>II</edomv><edomvd>Tipo II</edomvd><edomvds>Zonas de veda en las que la capacidad de los mantos acuíferos sólo permite extracciones para usos domésticos</edomvds></edom></attrdomv><attrdomv><edom><edomv>III</edomv><edomvd>Tipo III</edomvd><edomvds>Zonas de veda en las que la capacidad de los mantos acuíferos permite extracciones limitadas para usos domésticos, industriales, de riego y otros</edomvds></edom></attrdomv><attrdomv><edom><edomv>NA</edomv><edomvd>No clasificada</edomvd><edomvds>No se especifica la clasificación en el decreto correspondiemte</edomvds></edom><edom><edomv>NA</edomv><edomvd>No aplica</edomvd><edomvds>No aplica la clasificación a esta veda por haberse decretado despues de la abrogación del Reglamento de la LMAS de 1956</edomvds></edom></attrdomv><attrdef>Clasificación de acuerdo al Reglamento de la Ley en Materia de Aguas del Subsuelo de 1956. I, II, III,NA.</attrdef><attrdefs>Reglamento de la Ley en Materia de Aguas del Subsuelo (LMAS) de 1956</attrdefs><atprecis Sync="TRUE">0</atprecis><attscale Sync="TRUE">0</attscale></attr><attr><attrlabl Sync="TRUE">DES_CLASIF</attrlabl><attalias Sync="TRUE">DES_CLASIF</attalias><attrtype Sync="TRUE">String</attrtype><attwidth Sync="TRUE">150</attwidth><attrdef>Descripción de la Clasificación. Clasificación de acuerdo a lo descrito específicamente en el texto del decreto de la veda y de acuerdo a la clasificación citada en el Artículo 11 del Reglamento de la  Ley en Materia de  Aguas del Subsuelo de 1956</attrdef><attrdefs>Reglamento de la Ley en Materia de  Aguas del Subsuelo de 1956</attrdefs><atprecis Sync="TRUE">0</atprecis><attscale Sync="TRUE">0</attscale></attr><attr><attrlabl Sync="TRUE">Área_Km2</attrlabl><attalias Sync="TRUE">Área_Km2</attalias><attrtype Sync="TRUE">Double</attrtype><attwidth Sync="TRUE">11</attwidth><attrdef>Área calculada del polígono que define la veda</attrdef><atprecis Sync="TRUE">10</atprecis><attscale Sync="TRUE">2</attscale></attr></detailed></eainfo><mdDateSt Sync="TRUE">20220211</mdDateSt><dataqual><lineage><procstep><procdesc Sync="TRUE">Dataset copied.</procdesc><srcused Sync="TRUE">C:\datos\Cartografia\Vedas\vedas_nal_080507</srcused><date Sync="TRUE">20070608</date><time Sync="TRUE">12230000</time></procstep><procstep><procdesc Sync="TRUE">Dataset copied.</procdesc><srcused Sync="TRUE"></srcused><date Sync="TRUE">20070612</date><time Sync="TRUE">10520300</time></procstep></lineage></dataqual></metadata>
